GAME_ID,GAME_DATE_EST,HOME_TEAM_ID,VISITOR_TEAM_ID,HOME_TEAM_SCORE,VISITOR_TEAM_SCORE
0022400073,,1610612764,1610612738,102,122
0022400074,,1610612742,1610612759,120,109
0022400075,,1610612743,1610612760,87,102
0022400076,,1610612758,1610612750,115,117
0022400077,,1610612753,1610612751,116,101
0022400078,,1610612761,1610612755,115,107
0022400079,,1610612737,1610612766,125,120
0022400080,,1610612739,1610612765,113,101
0022400081,,1610612752,1610612754,123,98
0022400082,,1610612745,1610612763,128,108
0022400083,,1610612749,1610612741,122,133
0022400084,,1610612762,1610612744,86,127
0022400085,,1610612747,1610612756,123,116
0022400086,,1610612757,1610612740,103,105
0022400087,,1610612743,1610612746,104,109
0022400088,,1610612766,1610612748,106,114
0022400089,,1610612765,1610612738,118,124
0022400090,,1610612764,1610612739,116,135
0022400091,,1610612741,1610612760,95,114
0022400092,,1610612763,1610612753,124,111
0022400093,,1610612750,1610612761,112,101
0022400094,,1610612759,1610612745,109,106
0022400095,,1610612756,1610612742,114,102
0022400096,,1610612747,1610612758,131,127
0022400097,,1610612754,1610612755,114,118
0022400098,,1610612751,1610612749,115,102
0022400099,,1610612757,1610612740,125,103
0022400100,,1610612760,1610612737,128,104
0022400101,,1610612744,1610612746,104,112
0022400102,,1610612753,1610612754,119,115
0022400103,,1610612737,1610612764,119,121
0022400104,,1610612738,1610612749,119,108
0022400105,,1610612748,1610612765,106,98
0022400106,,1610612752,1610612739,104,110
0022400107,,1610612761,1610612743,125,127
0022400108,,1610612763,1610612741,123,126
0022400109,,1610612759,1610612745,101,106
0022400110,,1610612742,1610612762,110,102
0022400111,,1610612756,1610612747,109,105
0022400112,,1610612758,1610612757,111,98
0022400113,,1610612751,1610612743,139,144
0022400114,,1610612750,1610612742,114,120
0022400115,,1610612762,1610612758,96,113
0022400116,,1610612744,1610612740,124,106
0022400117,,1610612766,1610612761,138,133
0022400118,,1610612739,1610612747,134,110
0022400119,,1610612754,1610612738,135,132
0022400120,,1610612755,1610612765,95,105
0022400121,,1610612764,1610612737,133,120
0022400122,,1610612748,1610612752,107,116
0022400123,,1610612741,1610612753,102,99
0022400124,,1610612763,1610612751,106,119
0022400125,,1610612760,1610612759,105,93
0022400126,,1610612744,1610612740,104,89
0022400127,,1610612746,1610612757,105,106
0022400128,,1610612763,1610612749,122,99
0022400129,,1610612742,1610612745,102,108
0022400130,,1610612762,1610612759,88,106
0022400131,,1610612746,1610612756,119,125
0022400132,,1610612766,1610612738,109,124
0022400133,,1610612739,1610612753,120,109
0022400134,,1610612765,1610612752,98,128
0022400135,,1610612737,1610612758,115,123
0022400136,,1610612751,1610612741,120,112
0022400137,,1610612761,1610612747,125,131
0022400138,,1610612740,1610612754,125,118
0022400139,,1610612750,1610612743,119,116
0022400140,,1610612757,1610612760,114,137
0022400141,,1610612766,1610612738,103,113
0022400142,,1610612755,1610612763,107,124
0022400143,,1610612761,1610612758,131,128
0022400144,,1610612745,1610612744,121,127
0022400145,,1610612749,1610612739,113,114
0022400146,,1610612759,1610612750,113,103
0022400147,,1610612764,1610612748,98,118
0022400148,,1610612743,1610612762,129,103
0022400149,,1610612756,1610612757,103,97
0022400150,,1610612746,1610612760,92,105
0022400151,,1610612751,1610612765,92,106
0022400152,,1610612740,1610612737,111,126
0022400153,,1610612742,1610612753,108,85
0022400154,,1610612739,1610612749,116,114
0022400155,,1610612764,1610612744,112,125
0022400156,,1610612765,1610612747,115,103
0022400157,,1610612737,1610612738,93,123
0022400158,,1610612751,1610612763,106,104
0022400159,,1610612748,1610612758,110,111
0022400160,,1610612741,1610612762,126,135
0022400161,,1610612745,1610612752,109,97
0022400162,,1610612750,1610612766,114,93
0022400163,,1610612760,1610612753,102,86
0022400164,,1610612740,1610612757,100,118
0022400165,,1610612742,1610612754,127,134
0022400166,,1610612743,1610612761,121,119
0022400167,,1610612756,1610612755,118,116
0022400168,,1610612746,1610612759,113,104
0022400169,,1610612766,1610612765,108,107
0022400170,,1610612754,1610612753,118,111
0022400171,,1610612737,1610612752,121,116
0022400172,,1610612738,1610612744,112,118
0022400173,,1610612745,1610612759,127,100
0022400174,,1610612763,1610612747,131,114
0022400175,,1610612740,1610612739,122,131
0022400176,,1610612742,1610612741,119,99
0022400177,,1610612743,1610612760,124,122
0022400178,,1610612756,1610612748,115,112
0022400179,,1610612746,1610612755,110,98
0022400180,,1610612758,1610612761,122,107
0022400181,,1610612741,1610612750,119,135
0022400182,,1610612749,1610612762,123,100
0022400183,,1610612759,1610612757,118,105
0022400184,,1610612766,1610612754,103,83
0022400185,,1610612765,1610612737,122,121
0022400186,,1610612753,1610612740,115,88
0022400187,,1610612738,1610612751,108,104
0022400188,,1610612739,1610612744,136,117
0022400189,,1610612752,1610612749,116,94
0022400190,,1610612742,1610612756,113,114
0022400191,,1610612763,1610612764,128,104
0022400192,,1610612760,1610612745,126,107
0022400193,,1610612750,1610612757,127,102
0022400194,,1610612743,1610612748,135,122
0022400195,,1610612747,1610612755,116,106
0022400196,,1610612758,1610612746,98,107
0022400197,,1610612759,1610612762,110,111
0022400198,,1610612737,1610612741,113,125
0022400199,,1610612739,1610612751,105,100
0022400200,,1610612746,1610612761,105,103
0022400201,,1610612765,1610612745,99,101
0022400202,,1610612749,1610612738,107,113
0022400203,,1610612754,1610612752,132,121
0022400204,,1610612753,1610612764,121,94
0022400205,,1610612755,1610612766,107,105
0022400206,,1610612750,1610612748,94,95
0022400207,,1610612760,1610612744,116,127
0022400208,,1610612743,1610612742,122,120
0022400209,,1610612756,1610612758,118,127
0022400210,,1610612757,1610612763,89,134
0022400211,,1610612747,1610612761,123,103
0022400212,,1610612741,1610612739,113,119
0022400213,,1610612745,1610612764,107,92
0022400214,,1610612740,1610612751,105,107
0022400215,,1610612760,1610612746,134,128
0022400216,,1610612759,1610612758,116,96
0022400001,,1610612738,1610612737,116,117
0022400002,,1610612765,1610612748,123,121
0022400003,,1610612753,1610612766,114,89
0022400004,,1610612755,1610612752,99,111
0022400005,,1610612749,1610612761,99,85
0022400006,,1610612762,1610612756,112,120
0022400007,,1610612744,1610612742,120,117
0022400008,,1610612757,1610612750,122,108
0022400217,,1610612753,1610612754,94,90
0022400218,,1610612751,1610612738,114,139
0022400219,,1610612752,1610612741,123,124
0022400220,,1610612755,1610612739,106,114
0022400221,,1610612760,1610612740,106,88
0022400222,,1610612745,1610612746,111,103
0022400223,,1610612749,1610612765,127,120
0022400224,,1610612759,1610612764,139,130
0022400225,,1610612747,1610612763,128,123
0022400226,,1610612757,1610612750,106,98
0022400227,,1610612758,1610612756,127,104
0022400228,,1610612762,1610612742,115,113
0022400009,,1610612754,1610612748,111,124
0022400010,,1610612753,1610612755,98,86
0022400011,,1610612761,1610612765,95,99
0022400012,,1610612737,1610612764,129,117
0022400013,,1610612739,1610612741,144,126
0022400014,,1610612752,1610612751,124,122
0022400015,,1610612759,1610612747,115,120
0022400016,,1610612745,1610612746,125,104
0022400017,,1610612740,1610612743,101,94
0022400018,,1610612760,1610612756,99,83
0022400019,,1610612744,1610612763,123,118
0022400020,,1610612758,1610612750,126,130
0022400229,,1610612766,1610612749,115,114
0022400230,,1610612738,1610612761,126,123
0022400231,,1610612740,1610612747,99,104
0022400232,,1610612742,1610612759,110,93
0022400233,,1610612758,1610612762,121,117
0022400234,,1610612750,1610612756,120,117
0022400235,,1610612754,1610612748,119,110
0022400236,,1610612739,1610612766,128,114
0022400237,,1610612764,1610612765,104,124
0022400238,,1610612763,1610612743,105,90
0022400239,,1610612757,1610612737,114,110
0022400240,,1610612752,1610612751,114,104
0022400241,,1610612741,1610612745,107,143
0022400242,,1610612760,1610612742,119,121
0022400243,,1610612746,1610612762,116,105
0022400244,,1610612765,1610612741,112,122
0022400245,,1610612748,1610612755,106,89
0022400246,,1610612752,1610612764,134,106
0022400247,,1610612761,1610612754,130,119
0022400248,,1610612749,1610612745,101,100
0022400249,,1610612756,1610612753,99,109
0022400250,,1610612758,1610612737,108,109
0022400251,,1610612746,1610612744,102,99
0022400021,,1610612738,1610612739,120,117
0022400022,,1610612751,1610612766,116,115
0022400023,,1610612763,1610612743,110,122
0022400024,,1610612742,1610612740,132,91
0022400025,,1610612759,1610612760,110,104
0022400026,,1610612747,1610612762,124,118
0022400252,,1610612739,1610612740,128,100
0022400253,,1610612749,1610612741,122,106
0022400254,,1610612745,1610612754,130,113
0022400255,,1610612763,1610612755,117,111
0022400256,,1610612760,1610612757,109,99
0022400257,,1610612756,1610612752,122,138
0022400258,,1610612744,1610612737,120,97
0022400259,,1610612746,1610612753,104,93
0022400260,,1610612766,1610612765,123,121
0022400261,,1610612761,1610612750,110,105
0022400262,,1610612759,1610612762,126,118
0022400263,,1610612747,1610612753,118,119
0022400027,,1610612755,1610612751,113,98
0022400028,,1610612764,1610612738,96,108
0022400032,,1610612740,1610612744,108,112
0022400029,,1610612749,1610612754,129,117
0022400030,,1610612741,1610612737,136,122
0022400031,,1610612745,1610612757,116,88
0022400033,,1610612743,1610612742,120,123
0022400034,,1610612746,1610612758,104,88
0022400264,,1610612762,1610612752,121,106
0022400265,,1610612753,1610612765,111,100
0022400266,,1610612741,1610612763,131,142
0022400267,,1610612745,1610612757,98,104
0022400268,,1610612749,1610612766,125,119
0022400269,,1610612759,1610612744,104,94
0022400270,,1610612747,1610612743,102,127
0022400271,,1610612738,1610612750,107,105
0022400272,,1610612754,1610612764,115,103
0022400273,,1610612748,1610612742,123,118
0022400274,,1610612755,1610612746,99,125
0022400275,,1610612739,1610612761,122,108
0022400276,,1610612758,1610612751,103,108
0022400277,,1610612766,1610612753,84,95
0022400278,,1610612765,1610612761,102,100
0022400279,,1610612754,1610612740,114,110
0022400280,,1610612737,1610612742,119,129
0022400281,,1610612738,1610612746,126,94
0022400282,,1610612763,1610612757,123,98
0022400283,,1610612743,1610612752,118,145
0022400284,,1610612744,1610612751,120,128
0022400285,,1610612758,1610612760,109,130
0022400035,,1610612764,1610612741,108,127
0022400036,,1610612748,1610612749,103,106
0022400037,,1610612750,1610612745,111,117
0022400038,,1610612762,1610612759,115,128
0022400039,,1610612756,1610612747,127,100
0022400286,,1610612766,1610612748,94,98
0022400287,,1610612739,1610612737,124,135
0022400288,,1610612754,1610612757,121,114
0022400289,,1610612753,1610612741,133,119
0022400290,,1610612755,1610612745,115,122
0022400291,,1610612764,1610612746,96,121
0022400292,,1610612742,1610612752,129,114
0022400293,,1610612763,1610612765,131,111
0022400294,,1610612750,1610612758,104,115
0022400295,,1610612740,1610612761,93,119
0022400296,,1610612759,1610612747,101,119
0022400297,,1610612756,1610612751,117,127
0022400298,,1610612762,1610612743,103,122
0022400299,,1610612744,1610612760,101,105
0022400040,,1610612766,1610612752,98,99
0022400041,,1610612737,1610612739,117,101
0022400042,,1610612763,1610612740,120,109
0022400043,,1610612751,1610612753,100,123
0022400044,,1610612750,1610612746,93,92
0022400045,,1610612754,1610612765,106,130
0022400046,,1610612748,1610612761,121,111
0022400047,,1610612741,1610612738,129,138
0022400048,,1610612747,1610612760,93,101
0022400049,,1610612757,1610612758,115,106
0022400300,,1610612766,1610612737,104,107
0022400301,,1610612765,1610612755,96,111
0022400302,,1610612749,1610612764,124,114
0022400303,,1610612756,1610612744,113,105
0022400304,,1610612762,1610612742,94,106
0022400305,,1610612751,1610612753,92,100
0022400306,,1610612763,1610612754,136,121
0022400307,,1610612739,1610612738,115,111
0022400308,,1610612752,1610612740,118,85
0022400309,,1610612761,1610612748,119,116
0022400310,,1610612745,1610612760,119,116
0022400311,,1610612762,1610612747,104,105
0022400312,,1610612757,1610612742,131,137
0022400313,,1610612758,1610612759,125,127
0022400314,,1610612746,1610612743,126,122
0022400315,,1610612737,1610612740,124,112
0022400316,,1610612738,1610612748,108,89
0022400317,,1610612741,1610612751,128,102
0022400318,,1610612750,1610612747,109,80
0022400050,,1610612766,1610612755,104,110
0022400051,,1610612739,1610612764,118,87
0022400052,,1610612765,1610612749,107,128
0022400053,,1610612752,1610612753,121,106
0022400054,,1610612761,1610612754,122,111
0022400055,,1610612760,1610612762,133,106
0022400056,,1610612742,1610612763,121,116
0022400057,,1610612756,1610612759,104,93
0022400058,,1610612743,1610612744,119,115
0022400059,,1610612758,1610612745,120,111
0022400060,,1610612746,1610612757,127,105
0022400319,,1610612738,1610612765,130,120
0022400320,,1610612751,1610612754,99,90
0022400321,,1610612748,1610612747,134,93
0022400322,,1610612755,1610612753,102,106
0022400323,,1610612749,1610612737,104,119
0022400324,,1610612746,1610612750,80,108
0022400325,,1610612739,1610612743,126,114
0022400326,,1610612764,1610612742,101,137
0022400327,,1610612752,1610612766,125,101
0022400328,,1610612761,1610612760,92,129
0022400329,,1610612763,1610612758,115,110
0022400330,,1610612740,1610612756,126,124
0022400331,,1610612759,1610612741,124,139
0022400332,,1610612744,1610612745,99,93
0022400333,,1610612755,1610612753,102,94
0022400334,,1610612737,1610612747,134,132
0022400335,,1610612738,1610612749,111,105
0022400336,,1610612741,1610612754,123,132
0022400337,,1610612759,1610612758,113,140
0022400338,,1610612744,1610612750,90,107
0022400339,,1610612757,1610612762,99,141
0022400340,,1610612766,1610612739,102,116
0022400341,,1610612764,1610612743,122,113
0022400342,,1610612740,1610612760,109,119
0022400343,,1610612752,1610612765,111,120
0022400344,,1610612761,1610612742,118,125
0022400345,,1610612738,1610612763,121,127
0022400346,,1610612748,1610612756,121,111
0022400347,,1610612741,1610612755,100,108
0022400348,,1610612751,1610612749,113,118
0022400349,,1610612754,1610612766,109,113
0022400350,,1610612737,1610612743,111,141
0022400351,,1610612748,1610612739,122,113
0022400352,,1610612753,1610612756,115,110
0022400353,,1610612764,1610612763,112,140
0022400354,,1610612759,1610612740,121,116
0022400355,,1610612744,1610612750,114,106
0022400356,,1610612746,1610612745,106,117
0022400357,,1610612758,1610612762,141,97
0022400358,,1610612747,1610612757,107,98
0022400359,,1610612761,1610612752,108,113
0022401201,,1610612749,1610612753,114,109
0022401203,,1610612760,1610612742,118,104
0022401202,,1610612752,1610612737,100,108
0022401204,,1610612745,1610612744,91,90
0022401205,,1610612738,1610612765,123,99
0022401206,,1610612748,1610612761,114,104
0022401207,,1610612740,1610612758,109,111
0022401208,,1610612739,1610612764,115,105
0022401209,,1610612755,1610612754,107,121
0022401210,,1610612750,1610612747,97,87
0022401211,,1610612763,1610612751,135,119
0022401212,,1610612741,1610612766,109,95
0022401213,,1610612743,1610612746,120,98
0022401214,,1610612762,1610612756,126,134
0022401215,,1610612757,1610612759,116,118
0022401229,,1610612749,1610612737,110,102
0022401230,,1610612760,1610612745,111,96
0022401216,,1610612754,1610612740,119,104
0022401217,,1610612764,1610612738,98,112
0022401227,,1610612753,1610612752,91,100
0022401218,,1610612759,1610612750,92,106
0022401219,,1610612756,1610612757,116,109
0022401228,,1610612744,1610612742,133,143
0022401220,,1610612747,1610612763,116,110
0022401221,,1610612765,1610612748,125,124
0022401222,,1610612766,1610612755,108,121
0022401223,,1610612761,1610612741,121,122
0022401224,,1610612751,1610612739,101,130
0022401225,,1610612758,1610612743,129,130
0022401226,,1610612746,1610612762,144,107
0062400001,,1610612760,1610612749,81,97
0022400360,,1610612765,1610612762,119,126
0022400361,,1610612753,1610612760,99,105
0022400362,,1610612764,1610612766,123,114
0022400363,,1610612738,1610612741,108,117
0022400364,,1610612761,1610612751,94,101
0022400365,,1610612745,1610612740,133,113
0022400366,,1610612763,1610612744,144,93
0022400370,,1610612759,1610612737,133,126
0022400368,,1610612742,1610612746,95,118
0022400369,,1610612756,1610612754,111,120
0022400367,,1610612750,1610612752,107,133
0022400371,,1610612757,1610612743,126,124
0022400372,,1610612758,1610612747,100,113
0022400373,,1610612755,1610612766,108,98
0022400374,,1610612739,1610612749,124,101
0022400375,,1610612748,1610612760,97,104
0022400376,,1610612758,1610612747,99,103
0022400377,,1610612753,1610612748,121,114
0022400378,,1610612737,1610612763,112,128
0022400379,,1610612751,1610612762,94,105
0022400380,,1610612739,1610612755,126,99
0022400381,,1610612741,1610612738,98,123
0022400382,,1610612749,1610612764,112,101
0022400383,,1610612750,1610612744,103,113
0022400384,,1610612740,1610612752,93,104
0022400385,,1610612742,1610612746,113,97
0022400386,,1610612759,1610612757,114,94
0022400387,,1610612756,1610612765,125,133
0022400388,,1610612761,1610612745,110,114
0022400389,,1610612758,1610612754,95,122
0022400390,,1610612740,1610612743,129,132
0022400391,,1610612766,1610612745,101,114
0022400392,,1610612739,1610612762,124,113
0022400393,,1610612753,1610612738,108,104
0022400394,,1610612755,1610612759,111,106
0022400395,,1610612737,1610612750,117,104
0022400396,,1610612748,1610612751,110,95
0022400397,,1610612752,1610612761,139,125
0022400398,,1610612741,1610612749,91,112
0022400399,,1610612763,1610612746,110,114
0022400400,,1610612760,1610612764,123,105
0022400401,,1610612742,1610612757,132,108
0022400402,,1610612743,1610612756,117,90
0022400403,,1610612744,1610612754,105,111
0022400404,,1610612747,1610612765,114,117
0022400405,,1610612752,1610612759,117,114
0022400406,,1610612742,1610612750,99,105
0022400407,,1610612738,1610612755,114,118
0022400408,,1610612744,1610612747,113,115
0022400409,,1610612756,1610612743,110,100
0022400410,,1610612754,1610612760,114,120
0022400411,,1610612753,1610612748,88,89
0022400412,,1610612764,1610612766,113,110
0022400413,,1610612737,1610612741,141,133
0022400414,,1610612763,1610612761,155,126
0022400415,,1610612749,1610612751,105,111
0022400416,,1610612740,1610612745,111,128
0022400417,,1610612757,1610612762,122,120
0022400418,,1610612758,1610612765,113,114
0022400419,,1610612753,1610612752,85,108
0022400420,,1610612738,1610612754,142,105
0022400421,,1610612751,1610612759,87,96
0022400422,,1610612745,1610612750,112,113
0022400423,,1610612740,1610612763,124,132
0022400424,,1610612743,1610612739,135,149
0022400425,,1610612756,1610612742,89,98
0022400426,,1610612746,1610612744,102,92
0022400427,,1610612737,1610612748,120,110
0022400428,,1610612766,1610612760,94,106
0022400429,,1610612764,1610612752,132,136
0022400430,,1610612741,1610612749,116,111
0022400431,,1610612744,1610612756,109,105
0022400432,,1610612743,1610612765,134,121
0022400433,,1610612762,1610612755,111,114
0022400434,,1610612757,1610612742,126,122
0022400435,,1610612747,1610612758,132,122
0022400436,,1610612753,1610612751,102,101
0022400437,,1610612738,1610612754,114,123
0022400438,,1610612761,1610612737,107,136
0022400439,,1610612745,1610612748,100,104
0022400440,,1610612760,1610612763,130,106
0022400441,,1610612750,1610612759,112,110
0022400442,,1610612766,1610612741,108,115
0022400443,,1610612764,1610612752,106,126
0022400444,,1610612740,1610612746,113,116
0022400445,,1610612762,1610612743,121,132
0022400446,,1610612744,1610612739,95,113
0022400447,,1610612757,1610612755,103,125
0022400448,,1610612758,1610612742,110,100
0022400449,,1610612738,1610612761,125,71
0022400450,,1610612754,1610612749,112,120
0022400451,,1610612759,1610612746,122,86
0022400452,,1610612760,1610612750,113,105
0022400453,,1610612756,1610612763,112,117
0022400454,,1610612747,1610612739,110,122
0022400455,,1610612765,1610612753,105,96
0022400456,,1610612764,1610612741,125,107
0022400457,,1610612748,1610612740,119,108
0022400458,,1610612752,1610612762,119,103
0022400459,,1610612761,1610612751,130,113
0022400460,,1610612745,1610612742,110,99
0022400461,,1610612743,1610612737,139,120
0022400462,,1610612758,1610612755,113,107
0022400463,,1610612748,1610612754,115,128
0022400464,,1610612750,1610612738,115,118
0022400465,,1610612749,1610612751,110,113
0022400466,,1610612760,1610612746,116,98
0022400467,,1610612744,1610612755,139,105
0022400468,,1610612747,1610612757,114,106
0022400469,,1610612765,1610612766,98,94
0022400470,,1610612761,1610612753,97,106
0022400471,,1610612745,1610612738,86,109
0022400472,,1610612740,1610612764,132,120
0022400473,,1610612760,1610612752,117,107
0022400474,,1610612742,1610612739,122,134
0022400475,,1610612743,1610612759,110,113
0022400476,,1610612758,1610612763,138,133
0022400477,,1610612747,1610612737,119,102
0022400478,,1610612751,1610612755,94,123
0022400479,,1610612765,1610612750,119,105
0022400480,,1610612754,1610612756,126,108
0022400481,,1610612748,1610612762,100,136
0022400482,,1610612741,1610612752,139,126
0022400483,,1610612749,1610612757,102,105
0022400484,,1610612759,1610612743,111,122
0022400485,,1610612744,1610612763,121,113
0022400486,,1610612746,1610612737,131,105
0022400487,,1610612760,1610612738,105,92
0022400488,,1610612739,1610612766,115,105
0022400489,,1610612764,1610612740,98,110
0022400490,,1610612753,1610612762,92,105
0022400491,,1610612745,1610612747,119,115
0022400492,,1610612744,1610612758,99,129
0022400493,,1610612765,1610612757,118,115
0022400494,,1610612755,1610612756,99,109
0022400495,,1610612751,1610612754,99,113
0022400496,,1610612752,1610612753,94,103
0022400497,,1610612761,1610612749,104,128
0022400498,,1610612741,1610612759,114,110
0022400499,,1610612763,1610612742,119,104
0022400500,,1610612750,1610612746,108,106
0022400501,,1610612758,1610612748,123,118
0022400502,,1610612766,1610612756,115,104
0022400503,,1610612764,1610612745,112,135
0022400504,,1610612742,1610612747,118,97
0022400505,,1610612740,1610612750,97,104
0022400506,,1610612762,1610612737,121,124
0022400507,,1610612743,1610612738,106,118
0022400508,,1610612744,1610612748,98,114
0022400509,,1610612739,1610612760,129,122
0022400510,,1610612754,1610612741,129,113
0022400512,,1610612755,1610612764,109,103
0022400511,,1610612752,1610612761,112,98
0022400513,,1610612751,1610612765,98,113
0022400514,,1610612740,1610612757,100,119
0022400515,,1610612743,1610612746,126,103
0022400516,,1610612749,1610612759,121,105
0022400517,,1610612739,1610612761,132,126
0022400518,,1610612765,1610612744,104,107
0022400519,,1610612753,1610612750,89,104
0022400521,,1610612742,1610612757,117,111
0022400520,,1610612763,1610612745,115,119
0022400522,,1610612756,1610612737,123,115
0022400523,,1610612762,1610612748,92,97
0022400525,,1610612754,1610612744,108,96
0022400526,,1610612753,1610612749,106,109
0022400527,,1610612755,1610612740,115,123
0022400528,,1610612738,1610612758,97,114
0022400529,,1610612752,1610612760,101,126
0022400530,,1610612741,1610612764,138,105
0022400531,,1610612743,1610612751,124,105
0022400533,,1610612756,1610612762,114,106
0022400534,,1610612765,1610612761,123,114
0022400535,,1610612750,1610612763,125,127
0022400536,,1610612757,1610612748,98,119
0022400539,,1610612752,1610612749,140,106
0022400540,,1610612742,1610612743,101,112
0022400541,,1610612741,1610612758,119,124
0022400542,,1610612738,1610612740,120,119
0022400543,,1610612739,1610612754,93,108
0022400544,,1610612753,1610612755,104,99
0022400545,,1610612764,1610612760,95,136
0022400546,,1610612762,1610612751,112,111
0022400547,,1610612756,1610612766,120,113
0022400548,,1610612764,1610612750,106,120
0022400549,,1610612752,1610612765,119,124
0022400550,,1610612761,1610612744,104,101
0022400551,,1610612745,1610612763,120,118
0022400552,,1610612747,1610612759,102,126
0022400553,,1610612746,1610612748,109,98
0022400554,,1610612754,1610612739,117,127
0022400555,,1610612755,1610612760,102,118
0022400556,,1610612737,1610612756,122,117
0022400557,,1610612741,1610612740,113,119
0022400558,,1610612749,1610612758,130,115
0022400559,,1610612742,1610612743,99,118
0022400560,,1610612757,1610612751,114,132
0022400561,,1610612755,1610612752,119,125
0022400562,,1610612761,1610612738,110,97
0022400563,,1610612741,1610612737,94,110
0022400564,,1610612749,1610612753,122,93
0022400566,,1610612740,1610612742,119,116
0022400567,,1610612759,1610612763,115,129
0022400568,,1610612743,1610612745,108,128
0022400569,,1610612762,1610612766,112,117
0022400565,,1610612750,1610612744,115,116
0022400570,,1610612747,1610612748,117,108
0022400571,,1610612746,1610612751,126,67
0022400572,,1610612765,1610612754,100,111
0022400573,,1610612764,1610612756,123,130
0022400574,,1610612760,1610612739,134,114
0022400575,,1610612757,1610612746,89,118
0022400576,,1610612758,1610612745,132,127
0022400577,,1610612738,1610612753,121,94
0022400578,,1610612752,1610612750,99,116
0022400579,,1610612748,1610612743,113,133
0022400580,,1610612749,1610612761,130,112
0022400581,,1610612740,1610612762,136,123
0022400584,,1610612741,1610612766,123,125
0022400583,,1610612742,1610612760,106,98
0022400582,,1610612759,1610612763,112,140
0022400585,,1610612747,1610612751,102,101
0022400586,,1610612765,1610612756,121,125
0022400587,,1610612738,1610612737,115,119
0022400588,,1610612754,1610612755,115,102
0022400589,,1610612744,1610612764,122,114
0022400590,,1610612750,1610612739,117,124
0022400591,,1610612757,1610612745,103,125
0022400592,,1610612748,1610612759,128,107
0022400593,,1610612753,1610612743,100,113
0022400594,,1610612749,1610612755,123,109
0022400595,,1610612760,1610612751,127,101
0022400596,,1610612746,1610612747,116,102
0022400597,,1610612757,1610612741,113,102
0022400598,,1610612758,1610612764,123,100
0022400599,,1610612766,1610612742,110,105
0022400600,,1610612745,1610612765,96,107
0022400601,,1610612763,1610612750,108,106
0022400602,,1610612752,1610612737,119,110
0022400603,,1610612739,1610612756,118,92
0022400604,,1610612744,1610612738,85,125
0022400605,,1610612740,1610612762,123,119
0022400611,,1610612746,1610612741,99,112
0022400606,,1610612751,1610612752,95,99
0022400607,,1610612748,1610612757,107,116
0022400608,,1610612761,1610612753,109,93
0022400609,,1610612743,1610612755,144,109
0022400610,,1610612747,1610612764,111,88
0022400612,,1610612737,1610612765,104,114
0022400613,,1610612751,1610612756,84,108
0022400614,,1610612742,1610612750,114,115
0022400615,,1610612745,1610612739,109,108
0022400616,,1610612763,1610612766,132,120
0022400618,,1610612760,1610612762,123,114
0022400619,,1610612758,1610612744,123,117
0022400620,,1610612746,1610612738,113,117
0022400621,,1610612754,1610612759,110,140
0022400622,,1610612753,1610612757,79,101
0022400623,,1610612737,1610612761,119,122
0022400625,,1610612760,1610612742,115,121
0022400624,,1610612749,1610612748,125,96
0022400626,,1610612743,1610612758,132,123
0022400628,,1610612744,1610612741,131,106
0022400629,,1610612747,1610612738,117,96
0022400983,,1610612746,1610612764,110,93
0022400630,,1610612766,1610612757,97,102
0022400631,,1610612755,1610612739,132,129
0022400632,,1610612763,1610612740,139,126
0022400633,,1610612759,1610612754,98,136
0022400634,,1610612750,1610612743,133,104
0022400635,,1610612742,1610612738,107,122
0022400636,,1610612751,1610612748,97,106
0022400637,,1610612766,1610612740,123,92
0022400638,,1610612753,1610612765,121,113
0022400639,,1610612737,1610612761,94,117
0022400640,,1610612739,1610612745,131,135
0022400641,,1610612752,1610612758,143,120
0022400642,,1610612741,1610612755,97,109
0022400643,,1610612763,1610612762,125,103
0022400644,,1610612744,1610612747,108,118
0022400645,,1610612756,1610612764,119,109
0022400646,,1610612746,1610612749,127,117
0022400647,,1610612757,1610612760,108,118
0022400648,,1610612766,1610612747,107,112
0022400649,,1610612739,1610612765,110,91
0022400650,,1610612738,1610612745,112,114
0022400651,,1610612751,1610612758,96,110
0022400652,,1610612748,1610612753,125,119
0022400653,,1610612752,1610612763,143,106
0022400654,,1610612761,1610612740,113,104
0022400655,,1610612741,1610612743,129,121
0022400656,,1610612750,1610612737,100,92
0022400657,,1610612742,1610612764,130,108
0022400658,,1610612762,1610612749,110,125
0022400659,,1610612756,1610612746,111,109
0022400532,,1610612737,1610612745,96,100
0022400660,,1610612755,1610612747,118,104
0022400661,,1610612744,1610612762,114,103
0022400662,,1610612757,1610612749,125,112
0022400663,,1610612766,1610612751,83,104
0022400664,,1610612754,1610612765,133,119
0022400665,,1610612764,1610612761,82,106
0022400666,,1610612738,1610612741,122,100
0022400667,,1610612748,1610612739,106,126
0022400668,,1610612752,1610612743,122,112
0022400669,,1610612755,1610612758,117,104
0022400670,,1610612740,1610612742,136,137
0022400671,,1610612759,1610612746,116,128
0022400672,,1610612756,1610612750,113,121
0022400673,,1610612744,1610612760,116,109
0022400674,,1610612764,1610612747,96,134
0022400675,,1610612739,1610612737,137,115
0022400677,,1610612762,1610612750,113,138
0022400676,,1610612763,1610612745,120,119
0022400678,,1610612757,1610612753,119,90
0022400679,,1610612766,1610612746,104,112
0022400680,,1610612765,1610612742,117,102
0022400681,,1610612755,1610612743,134,137
0022400682,,1610612761,1610612741,106,122
0022400683,,1610612740,1610612738,116,118
0022400684,,1610612759,1610612749,144,118
0022400685,,1610612744,1610612756,105,130
0022400686,,1610612754,1610612737,132,127
0022400687,,1610612762,1610612753,113,99
0022400688,,1610612766,1610612743,104,107
0022400689,,1610612745,1610612751,98,110
0022400690,,1610612750,1610612764,103,105
0022400691,,1610612760,1610612758,144,110
0022400692,,1610612752,1610612747,112,128
0022400693,,1610612759,1610612748,103,105
0022400694,,1610612757,1610612756,127,108
0022400695,,1610612765,1610612741,127,119
0022400696,,1610612739,1610612742,144,101
0022400697,,1610612761,1610612746,115,108
0022400698,,1610612755,1610612738,110,118
0022400699,,1610612749,1610612763,119,132
0022400700,,1610612766,1610612764,114,124
0022400701,,1610612765,1610612737,130,132
0022400702,,1610612752,1610612745,124,118
0022400703,,1610612763,1610612759,128,109
0022400704,,1610612750,1610612758,114,116
0022400705,,1610612760,1610612749,125,96
0022400706,,1610612743,1610612740,125,113
0022400707,,1610612762,1610612754,111,112
0022400708,,1610612744,1610612753,104,99
0022400709,,1610612757,1610612756,121,119
0022400712,,1610612755,1610612742,118,116
0022400710,,1610612739,1610612738,105,112
0022400711,,1610612751,1610612745,99,97
0022400713,,1610612761,1610612752,115,121
0022400714,,1610612741,1610612748,133,124
0022400715,,1610612746,1610612747,97,122
0022400716,,1610612757,1610612754,112,89
0022400717,,1610612766,1610612749,102,112
0022400718,,1610612765,1610612739,115,118
0022400719,,1610612737,1610612759,125,126
0022400720,,1610612751,1610612764,102,119
0022400721,,1610612755,1610612748,101,108
0022400722,,1610612761,1610612763,107,138
0022400723,,1610612750,1610612741,127,108
0022400725,,1610612762,1610612744,131,128
0022400726,,1610612743,1610612740,144,119
0022400724,,1610612760,1610612756,140,109
0022400727,,1610612758,1610612753,111,130
0022400728,,1610612738,1610612742,120,127
0022400729,,1610612750,1610612745,127,114
0022400730,,1610612743,1610612753,112,90
0022400731,,1610612747,1610612744,120,112
0022400732,,1610612757,1610612758,108,102
0022400733,,1610612746,1610612754,112,119
0022400734,,1610612766,1610612759,117,116
0022400735,,1610612764,1610612739,124,134
0022400736,,1610612737,1610612749,115,110
0022400737,,1610612751,1610612748,102,86
0022400738,,1610612765,1610612755,125,112
0022400739,,1610612760,1610612761,121,109
0022400740,,1610612756,1610612762,135,127
0022400741,,1610612742,1610612745,116,105
0022400742,,1610612747,1610612754,124,117
0022400743,,1610612753,1610612759,112,111
0022400744,,1610612764,1610612737,111,125
0022400745,,1610612741,1610612744,111,132
0022400746,,1610612763,1610612760,112,125
0022400747,,1610612750,1610612757,114,98
0022400748,,1610612752,1610612738,104,131
0022400749,,1610612756,1610612743,105,122
0022400750,,1610612758,1610612740,123,118
0022400751,,1610612746,1610612762,130,110
0022400752,,1610612765,1610612766,112,102
0022400753,,1610612745,1610612761,94,87
0022400754,,1610612749,1610612755,135,127
0022400755,,1610612739,1610612750,128,107
0022400756,,1610612753,1610612737,106,112
0022400757,,1610612764,1610612759,121,131
0022400758,,1610612751,1610612766,97,89
0022400759,,1610612748,1610612738,85,103
0022400760,,1610612749,1610612744,111,125
0022400761,,1610612760,1610612740,137,101
0022400762,,1610612742,1610612758,128,129
0022400763,,1610612743,1610612757,146,117
0022400768,,1610612747,1610612762,132,113
0022400764,,1610612755,1610612761,103,106
0022400765,,1610612754,1610612752,115,128
0022400766,,1610612741,1610612765,92,132
0022400767,,1610612756,1610612763,112,119
0022400769,,1610612738,1610612759,116,103
0022400770,,1610612753,1610612766,102,86
0022400771,,1610612764,1610612754,130,134
0022400772,,1610612751,1610612755,100,96
0022400773,,1610612752,1610612737,149,148
0022400774,,1610612761,1610612739,108,131
0022400775,,1610612741,1610612765,110,128
0022400776,,1610612750,1610612749,101,103
0022400777,,1610612740,1610612758,111,119
0022400778,,1610612760,1610612748,115,101
0022400779,,1610612745,1610612756,119,111
0022400780,,1610612743,1610612757,132,121
0022400781,,1610612762,1610612747,131,119
0022400782,,1610612742,1610612744,111,107
0022400783,,1610612746,1610612763,128,114
0022400784,,1610612745,1610612744,98,105
0022400785,,1610612740,1610612758,140,133
0022400786,,1610612742,1610612748,118,113
0022400787,,1610612750,1610612760,116,101
0022401004,,1610612762,1610612746,116,120
0032400004,,1610616855,1610616856,40,34
0032400005,,1610616857,1610616858,39,40
0032400006,,1610616855,1610616858,25,14
0032400011,,1610616851,1610616853,41,32
0032400021,,1610616852,1610616854,42,35
0032400031,,1610616851,1610616852,25,41
0022400524,,1610612747,1610612766,97,100
0022400788,,1610612754,1610612763,127,113
0022400789,,1610612755,1610612738,104,124
0022400790,,1610612737,1610612753,108,114
0022400791,,1610612751,1610612739,97,110
0022400792,,1610612752,1610612741,113,111
0022400793,,1610612749,1610612746,116,110
0022400794,,1610612743,1610612766,129,115
0022400795,,1610612759,1610612756,120,109
0022400796,,1610612757,1610612747,102,110
0022400797,,1610612739,1610612752,142,105
0022400798,,1610612753,1610612763,104,105
0022400799,,1610612764,1610612749,101,104
0022400800,,1610612761,1610612748,111,120
0022400802,,1610612759,1610612765,110,125
0022400803,,1610612742,1610612740,111,103
0022400801,,1610612745,1610612750,121,115
0022400804,,1610612762,1610612760,107,130
0022400805,,1610612758,1610612744,108,132
0022400806,,1610612741,1610612756,117,121
0022400807,,1610612755,1610612751,103,105
0022400808,,1610612743,1610612747,100,123
0022400809,,1610612762,1610612745,124,115
0022400810,,1610612757,1610612766,141,88
0022400811,,1610612738,1610612752,118,105
0022400812,,1610612744,1610612742,126,102
0022400813,,1610612754,1610612746,129,111
0022400814,,1610612737,1610612765,143,148
0022400815,,1610612753,1610612764,110,90
0022400816,,1610612761,1610612756,127,109
0022400817,,1610612749,1610612748,120,113
0022400818,,1610612740,1610612759,114,96
0022400819,,1610612739,1610612763,129,123
0022400820,,1610612750,1610612760,123,130
0022400821,,1610612765,1610612746,106,97
0022400822,,1610612754,1610612743,116,125
0022400823,,1610612755,1610612741,110,142
0022400824,,1610612764,1610612751,107,99
0022400825,,1610612737,1610612748,98,86
0022400826,,1610612760,1610612750,128,131
0022400827,,1610612762,1610612757,112,114
0022400828,,1610612758,1610612766,130,88
0022400829,,1610612761,1610612738,101,111
0022400830,,1610612753,1610612739,82,122
0022400831,,1610612745,1610612749,100,97
0022400832,,1610612763,1610612756,151,148
0022400833,,1610612740,1610612759,109,103
0022400834,,1610612744,1610612766,128,92
0022400835,,1610612747,1610612742,107,99
0022400836,,1610612765,1610612738,117,97
0022400837,,1610612754,1610612761,111,91
0022400838,,1610612752,1610612755,110,105
0022400839,,1610612764,1610612757,121,129
0022400840,,1610612751,1610612760,121,129
0022400841,,1610612748,1610612737,131,109
0022400842,,1610612741,1610612746,117,122
0022400843,,1610612762,1610612758,101,118
0022400844,,1610612745,1610612759,118,106
0022400845,,1610612753,1610612744,115,121
0022400846,,1610612749,1610612743,121,112
0022400847,,1610612742,1610612766,103,96
0022400848,,1610612756,1610612740,116,124
0022400849,,1610612747,1610612750,111,102
0022400850,,1610612765,1610612743,119,134
0022400851,,1610612737,1610612760,119,135
0022400852,,1610612738,1610612739,116,123
0022400853,,1610612751,1610612757,102,121
0022400854,,1610612748,1610612754,125,120
0022400855,,1610612741,1610612761,125,115
0022400856,,1610612763,1610612752,113,114
0022400857,,1610612756,1610612740,125,108
0022400858,,1610612762,1610612750,117,116
0022400859,,1610612747,1610612746,106,102
0022400860,,1610612766,1610612764,100,113
0022400861,,1610612765,1610612751,115,94
0022400862,,1610612745,1610612758,103,113
0022400863,,1610612763,1610612759,128,130
0022400864,,1610612755,1610612744,126,119
0022400865,,1610612742,1610612749,117,132
0022400866,,1610612738,1610612743,110,103
0022400867,,1610612739,1610612757,133,129
0022400868,,1610612754,1610612741,127,112
0022400869,,1610612748,1610612752,112,116
0022400870,,1610612753,1610612761,102,104
0022400871,,1610612759,1610612760,132,146
0022400872,,1610612762,1610612740,121,128
0022400873,,1610612756,1610612750,98,116
0022400874,,1610612747,1610612746,108,102
0022400875,,1610612766,1610612744,101,119
0022400876,,1610612755,1610612757,102,119
0022400877,,1610612748,1610612764,106,90
0022400878,,1610612763,1610612737,130,132
0022400879,,1610612760,1610612745,137,128
0022400880,,1610612742,1610612758,98,122
0022400881,,1610612762,1610612765,106,134
0022400882,,1610612754,1610612745,115,102
0022400883,,1610612753,1610612761,113,114
0022400884,,1610612737,1610612749,121,127
0022400885,,1610612752,1610612744,102,114
0022400886,,1610612741,1610612739,117,139
0022400887,,1610612750,1610612755,126,112
0022400888,,1610612759,1610612751,127,113
0022400889,,1610612756,1610612746,119,117
0022400890,,1610612747,1610612740,136,115
0022400891,,1610612738,1610612757,128,118
0022400892,,1610612766,1610612750,110,125
0022400893,,1610612739,1610612748,112,107
0022400894,,1610612764,1610612762,125,122
0022400897,,1610612749,1610612742,137,107
0022400896,,1610612743,1610612758,116,110
0022400895,,1610612763,1610612760,103,120
0022400898,,1610612746,1610612765,123,115
0022400944,,1610612753,1610612741,123,125
0022400899,,1610612737,1610612754,124,118
0022400900,,1610612738,1610612755,123,105
0022400901,,1610612751,1610612744,119,121
0022400902,,1610612740,1610612745,97,109
0022400903,,1610612747,1610612752,113,109
0022400904,,1610612766,1610612739,117,118
0022400905,,1610612761,1610612762,118,109
0022400906,,1610612742,1610612763,111,122
0022400907,,1610612748,1610612750,104,106
0022400908,,1610612760,1610612757,107,89
0022400909,,1610612743,1610612756,149,141
0022400910,,1610612758,1610612759,127,109
0022400911,,1610612746,1610612752,105,95
0022400912,,1610612766,1610612751,105,102
0022400913,,1610612745,1610612740,146,117
0022400914,,1610612737,1610612754,120,118
0022400915,,1610612761,1610612764,117,118
0022400916,,1610612748,1610612741,109,114
0022400917,,1610612749,1610612753,109,111
0022400918,,1610612738,1610612747,111,101
0022400919,,1610612744,1610612765,115,110
0022400920,,1610612760,1610612743,127,103
0022400921,,1610612742,1610612756,116,125
0022400923,,1610612740,1610612763,104,107
0022400924,,1610612755,1610612762,126,122
0022400922,,1610612749,1610612739,100,112
0022400925,,1610612750,1610612759,141,124
0022400926,,1610612757,1610612765,112,119
0022400927,,1610612746,1610612758,111,110
0022400928,,1610612737,1610612755,132,123
0022400929,,1610612738,1610612762,114,108
0022400930,,1610612751,1610612747,111,108
0022400931,,1610612748,1610612766,102,105
0022400932,,1610612761,1610612764,119,104
0022400933,,1610612741,1610612754,121,103
0022400934,,1610612745,1610612753,97,84
0022400935,,1610612763,1610612756,120,118
0022400936,,1610612760,1610612743,127,140
0022400937,,1610612759,1610612742,129,133
0022400938,,1610612744,1610612757,130,120
0022400939,,1610612758,1610612752,104,133
0022400940,,1610612739,1610612751,109,104
0022400941,,1610612765,1610612764,123,103
0022400942,,1610612754,1610612749,115,114
0022400943,,1610612740,1610612746,127,120
0022400945,,1610612737,1610612766,123,110
0022400946,,1610612738,1610612760,112,118
0022400947,,1610612761,1610612755,118,105
0022400948,,1610612748,1610612746,104,119
0022400949,,1610612745,1610612756,111,104
0022400950,,1610612763,1610612762,122,115
0022400951,,1610612759,1610612742,126,116
0022400952,,1610612743,1610612750,95,115
0022400953,,1610612757,1610612752,113,114
0022400954,,1610612765,1610612764,125,129
0022400955,,1610612749,1610612747,126,106
0022400956,,1610612741,1610612751,116,110
0022401141,,1610612740,1610612753,93,113
0022400957,,1610612744,1610612758,130,104
0022400958,,1610612748,1610612738,91,103
0022400959,,1610612755,1610612754,100,112
0022400960,,1610612737,1610612746,98,121
0022400961,,1610612745,1610612742,133,96
0022400962,,1610612763,1610612739,124,133
0022400963,,1610612750,1610612753,118,111
0022400964,,1610612759,1610612766,134,145
0022400965,,1610612743,1610612747,131,126
0022400966,,1610612762,1610612761,118,126
0022400967,,1610612756,1610612758,122,106
0022400968,,1610612751,1610612738,113,115
0022400969,,1610612765,1610612760,107,113
0022400970,,1610612745,1610612741,117,114
0022400971,,1610612763,1610612748,125,91
0022400972,,1610612749,1610612754,126,119
0022400973,,1610612759,1610612740,119,115
0022400974,,1610612744,1610612752,97,94
0022400975,,1610612743,1610612764,123,126
0022400976,,1610612742,1610612755,125,130
0022400979,,1610612739,1610612753,103,108
0022400977,,1610612747,1610612756,107,96
0022400978,,1610612751,1610612737,122,114
0022400980,,1610612757,1610612761,105,102
0022400538,,1610612746,1610612766,123,88
0022400981,,1610612750,1610612762,128,102
0022400982,,1610612749,1610612760,105,121
0022400984,,1610612752,1610612748,116,95
0022400985,,1610612745,1610612755,144,137
0022400986,,1610612750,1610612754,130,132
0022400987,,1610612740,1610612765,81,127
0022400989,,1610612762,1610612741,97,111
0022400990,,1610612744,1610612743,105,114
0022400991,,1610612756,1610612761,129,89
0022400992,,1610612758,1610612763,132,122
0022400995,,1610612757,1610612764,112,97
0022400537,,1610612747,1610612759,125,109
0022400993,,1610612766,1610612737,102,134
0022400994,,1610612738,1610612751,104,96
0022401012,,1610612744,1610612749,104,93
0022400997,,1610612746,1610612739,132,119
0022400998,,1610612754,1610612742,135,131
0022400999,,1610612753,1610612745,108,116
0022401000,,1610612748,1610612765,113,116
0022401001,,1610612750,1610612740,115,119
0022401002,,1610612760,1610612755,133,100
0022401003,,1610612759,1610612752,120,105
0022400627,,1610612762,1610612764,128,112
0022401006,,1610612747,1610612743,120,108
0022401007,,1610612756,1610612741,127,121
0022401008,,1610612757,1610612763,115,99
0022401009,,1610612758,1610612739,123,119
0022401010,,1610612766,1610612752,115,98
0022401011,,1610612754,1610612751,105,99
0022401005,,1610612744,1610612761,117,114
0022401013,,1610612758,1610612741,116,128
0022400996,,1610612747,1610612749,89,118
0022401014,,1610612764,1610612753,105,120
0022401015,,1610612748,1610612745,98,102
0022401016,,1610612750,1610612740,134,93
0022401017,,1610612760,1610612766,141,106
0022401018,,1610612759,1610612755,128,120
0022401019,,1610612742,1610612765,123,117
0022401020,,1610612762,1610612738,99,121
0022401021,,1610612756,1610612739,123,112
0022401022,,1610612757,1610612743,128,109
0022401023,,1610612746,1610612763,128,108
0022401024,,1610612754,1610612751,108,103
0022401025,,1610612737,1610612744,124,115
0022401026,,1610612752,1610612764,122,103
0022401027,,1610612758,1610612749,108,114
0022401028,,1610612747,1610612741,115,146
0022401029,,1610612765,1610612740,136,130
0022401030,,1610612762,1610612739,91,120
0022401031,,1610612737,1610612755,132,119
0022401032,,1610612748,1610612766,122,105
0022401033,,1610612761,1610612759,89,123
0022401034,,1610612757,1610612738,116,129
0022401035,,1610612745,1610612743,111,116
0022401036,,1610612746,1610612760,101,103
0022401037,,1610612754,1610612750,119,103
0022401038,,1610612753,1610612747,118,106
0022401039,,1610612764,1610612761,104,112
0022401040,,1610612751,1610612742,101,120
0022401041,,1610612740,1610612755,112,99
0022401042,,1610612743,1610612741,119,129
0022401043,,1610612756,1610612749,108,106
0022401044,,1610612758,1610612738,95,113
0022401045,,1610612766,1610612753,104,111
0022401046,,1610612765,1610612759,122,96
0022401047,,1610612748,1610612744,112,86
0022401048,,1610612752,1610612742,128,113
0022401049,,1610612745,1610612737,121,114
0022401050,,1610612762,1610612763,103,140
0022401051,,1610612757,1610612739,111,122
0022401052,,1610612758,1610612760,105,121
0022401053,,1610612755,1610612764,114,119
0022401054,,1610612751,1610612761,86,116
0022401055,,1610612754,1610612747,119,120
0022401056,,1610612752,1610612746,113,126
0022401057,,1610612743,1610612749,127,117
0022401058,,1610612756,1610612738,102,132
0022401059,,1610612739,1610612759,124,116
0022401060,,1610612753,1610612742,92,101
0022401061,,1610612764,1610612754,109,162
0022401062,,1610612748,1610612737,122,112
0022401063,,1610612741,1610612747,119,117
0022401064,,1610612760,1610612763,125,104
0022401065,,1610612762,1610612745,110,121
0022401066,,1610612758,1610612757,128,107
0022401067,,1610612765,1610612739,133,122
0022401068,,1610612751,1610612746,100,132
0022401069,,1610612761,1610612766,108,97
0022401070,,1610612749,1610612752,107,116
0022401071,,1610612750,1610612756,124,109
0022401072,,1610612740,1610612744,95,111
0022401073,,1610612743,1610612762,129,93
0022401074,,1610612753,1610612758,121,91
0022401075,,1610612764,1610612751,112,115
0022401076,,1610612755,1610612748,95,118
0022401077,,1610612741,1610612742,119,120
0022401078,,1610612763,1610612747,127,134
0022401079,,1610612760,1610612754,132,111
0022401080,,1610612759,1610612738,111,121
0022401081,,1610612739,1610612746,127,122
0022401082,,1610612752,1610612757,110,93
0022401083,,1610612749,1610612737,124,145
0022401084,,1610612750,1610612765,123,104
0022401085,,1610612740,1610612766,98,94
0022401086,,1610612759,1610612744,106,148
0022401087,,1610612755,1610612761,109,127
0022401088,,1610612756,1610612745,109,148
0022401089,,1610612766,1610612762,110,106
0022401090,,1610612754,1610612758,111,109
0022401091,,1610612753,1610612746,87,96
0022401092,,1610612764,1610612748,94,120
0022401093,,1610612763,1610612738,103,117
0022401094,,1610612760,1610612741,145,117
0022401095,,1610612742,1610612751,109,113
0022401096,,1610612747,1610612745,104,98
0022401097,,1610612737,1610612757,113,127
0022401098,,1610612752,1610612755,105,91
0022401101,,1610612749,1610612756,133,123
0022400988,,1610612759,1610612753,105,116
0022401099,,1610612741,1610612761,137,118
0022401100,,1610612763,1610612744,125,134
0022401102,,1610612743,1610612750,139,140
0022401103,,1610612739,1610612752,124,105
0022401104,,1610612754,1610612766,119,105
0022401105,,1610612764,1610612758,116,111
0022401106,,1610612738,1610612748,103,124
0022401107,,1610612745,1610612762,143,105
0022401109,,1610612742,1610612737,120,118
0022401110,,1610612743,1610612759,106,113
0022401108,,1610612760,1610612765,119,103
0022401111,,1610612746,1610612740,114,98
0022401112,,1610612764,1610612753,97,109
0022401115,,1610612755,1610612749,113,126
0022401113,,1610612751,1610612750,90,105
0022401114,,1610612748,1610612763,108,110
0022401116,,1610612761,1610612757,103,112
0022401117,,1610612747,1610612744,116,123
0022401118,,1610612766,1610612758,102,125
0022401119,,1610612754,1610612762,140,112
0022401120,,1610612738,1610612756,123,103
0022401121,,1610612761,1610612765,105,117
0022401122,,1610612741,1610612757,118,113
0022401123,,1610612745,1610612760,125,111
0022401124,,1610612759,1610612739,113,114
0022401125,,1610612744,1610612743,118,104
0022401126,,1610612747,1610612740,124,108
0022401127,,1610612746,1610612742,114,91
0022401128,,1610612737,1610612752,105,121
0022401129,,1610612765,1610612763,103,109
0022401130,,1610612755,1610612750,109,114
0022401131,,1610612748,1610612749,115,121
0022401132,,1610612746,1610612742,135,104
0022401133,,1610612766,1610612741,117,131
0022401134,,1610612751,1610612761,109,120
0022401135,,1610612760,1610612747,99,126
0022401136,,1610612737,1610612762,147,134
0022401137,,1610612738,1610612764,124,90
0022401138,,1610612739,1610612758,113,120
0022401139,,1610612757,1610612759,120,109
0022401140,,1610612752,1610612756,112,98
0022401142,,1610612743,1610612754,120,125
0022400617,,1610612740,1610612749,107,111
0022401143,,1610612744,1610612745,96,106
0022401144,,1610612765,1610612758,117,127
0022401145,,1610612748,1610612755,117,105
0022401146,,1610612766,1610612763,100,124
0022401147,,1610612739,1610612741,135,113
0022401148,,1610612754,1610612764,104,98
0022401149,,1610612753,1610612737,119,112
0022401150,,1610612751,1610612740,119,114
0022401151,,1610612752,1610612738,117,119
0022401152,,1610612749,1610612750,110,103
0022401153,,1610612760,1610612747,136,120
0022401154,,1610612756,1610612744,95,133
0022401155,,1610612746,1610612759,122,117
0022401156,,1610612753,1610612738,96,76
0022401157,,1610612764,1610612755,103,122
0022401158,,1610612761,1610612766,126,96
0022401159,,1610612742,1610612747,97,112
0022401160,,1610612741,1610612748,119,111
0022401162,,1610612762,1610612757,133,126
0022401163,,1610612744,1610612759,111,114
0022401164,,1610612756,1610612760,112,125
0022401165,,1610612758,1610612743,116,124
0022401166,,1610612746,1610612745,134,117
0022401167,,1610612765,1610612752,115,106
0022401168,,1610612754,1610612739,114,112
0022401169,,1610612751,1610612737,109,133
0022401161,,1610612749,1610612740,136,111
0022401170,,1610612763,1610612750,125,141
0022401171,,1610612765,1610612749,119,125
0022401172,,1610612754,1610612753,115,129
0022401173,,1610612755,1610612737,110,124
0022401174,,1610612738,1610612766,130,94
0022401175,,1610612752,1610612739,102,108
0022401176,,1610612741,1610612764,119,89
0022401177,,1610612740,1610612748,104,153
0022401178,,1610612742,1610612761,124,102
0022401179,,1610612750,1610612751,117,91
0022401180,,1610612743,1610612763,117,109
0022401181,,1610612762,1610612760,111,145
0022401182,,1610612756,1610612759,117,98
0022401183,,1610612757,1610612744,86,103
0022401184,,1610612758,1610612746,100,101
0022401185,,1610612747,1610612745,140,109
0022401186,,1610612737,1610612753,117,105
0022401187,,1610612738,1610612766,93,86
0022401188,,1610612751,1610612752,105,113
0022401189,,1610612739,1610612754,118,126
0022401190,,1610612748,1610612764,118,119
0022401191,,1610612755,1610612741,102,122
0022401192,,1610612749,1610612765,140,133
0022401193,,1610612745,1610612743,111,126
0022401194,,1610612763,1610612742,132,97
0022401195,,1610612750,1610612762,116,105
0022401196,,1610612740,1610612760,100,115
0022401197,,1610612759,1610612761,125,118
0022401198,,1610612744,1610612746,119,124
0022401199,,1610612757,1610612747,109,81
0022401200,,1610612758,1610612756,109,98
0052400101,,1610612753,1610612737,120,95
0052400121,,1610612744,1610612763,121,116
0052400111,,1610612741,1610612748,90,109
0052400131,,1610612758,1610612742,106,120
